
INSERT INTO `goods_classify` VALUES ('06f86bf4d7134b2eaa2ca5e4ba3db728', '厨具', '1', '1', null, '厨具', '1503763489181', '1503763489161_0.png');
INSERT INTO `goods_classify` VALUES ('07e18aa2814d42deb5cb0b42146493b3', '数码', '1', '1', null, '数码', '1503763443955', '1503763443954_0.png');
INSERT INTO `goods_classify` VALUES ('124e517e266a4b48a0e8476658cabd39', '男鞋', '1', '2', null, '男鞋', '1503763736433', '1503763736432_0.png');
INSERT INTO `goods_classify` VALUES ('26a82fe146dc46ff964bcbb5ae22bd52', '电脑', '1', '1', null, '电脑', '1503763450997', '1503763450995_0.png');
INSERT INTO `goods_classify` VALUES ('2820b4c9e11d41ee9808a471bcba6478', '童装', '1', '1', null, '童装', '1503763517209', '1503763517208_0.png');
INSERT INTO `goods_classify` VALUES ('2f050ed9c62e4728b726c0068c57d760', '女鞋', '1', '2', null, '女鞋', '1503763703655', '1503763703654_0.png');
INSERT INTO `goods_classify` VALUES ('457383fb9887481ab605bdee83cd7aef', '汽车', '1', '2', null, '汽车', '1503763757690', '1503763757648_0.png');
INSERT INTO `goods_classify` VALUES ('5b85b895b3c64f88bc44d31896315653', '箱包', '1', '2', null, '箱包', '1503763710206', '1503763710205_0.png');
INSERT INTO `goods_classify` VALUES ('60e19fdcf3c141698765cac9523fe6f9', '户外', '1', '2', null, '户外', '1503763750636', '1503763750635_0.png');
INSERT INTO `goods_classify` VALUES ('72c18a3a58a642e8b8507183ea609cf2', '运动', '1', '2', null, '运动', '1503763743911', '1503763743910_0.png');
INSERT INTO `goods_classify` VALUES ('7cab3bd9c11a4ef39a48401e33ce0b79', '手机', '1', '1', null, '手机', '1503763436141', '1503763436133_0.png');
INSERT INTO `goods_classify` VALUES ('9076b78ef9374f1e87245f09142be616', '家居', '1', '1', null, '家居', '1503763467593', '1503763467592_0.png');
INSERT INTO `goods_classify` VALUES ('98ff175b4b4c42fe8f8135efe9b7f696', '男装', '1', '1', null, '男装', '1503763496744', '1503763496743_0.png');
INSERT INTO `goods_classify` VALUES ('a06b0eafe93140bbabfb45abd6bfdd8e', '母婴', '1', '2', null, '母婴', '1503763693587', '1503763693544_0.png');
INSERT INTO `goods_classify` VALUES ('a34652b1928b4538988c7f329245ca44', '女装', '1', '1', null, '女装', '1503763505889', '1503763505887_0.png');
INSERT INTO `goods_classify` VALUES ('a927c000819942909c86a1a5f053da0e', '宠物', '1', '2', null, '宠物', '1503763681456', '1503763681455_0.png');
INSERT INTO `goods_classify` VALUES ('bcf4b75d8266406aa6b10db288a6d88c', '酒类', '1', '2', null, '酒类', '1503763667220', '1503763667218_0.png');
INSERT INTO `goods_classify` VALUES ('c1a47f8d0b834dc2b3a5c5a2e5d26805', '钟表', '1', '2', null, '钟表', '1503763719002', '1503763719000_0.png');
INSERT INTO `goods_classify` VALUES ('ce586076a2e444e5835155c9ae4add00', '内衣', '1', '1', null, '内衣', '1503763524626', '1503763524588_0.png');
INSERT INTO `goods_classify` VALUES ('dacf450670b44f3183d6f2381b038b70', '食品', '1', '2', null, '食品', '1503763655841', '1503763655840_0.png');
INSERT INTO `goods_classify` VALUES ('e5f34e4d607144899191ef7a3d50232b', '家具', '1', '1', null, '家具', '1503763474722', '1503763474720_0.png');
INSERT INTO `goods_classify` VALUES ('f2ca885d46644b84ba61172a86404add', '珠宝', '1', '2', null, '珠宝', '1503763727314', '1503763727278_0.png');
INSERT INTO `goods_classify` VALUES ('f765100fd14846ada7e87dfd98b01665', '家装', '1', '1', null, '家装', '1503763482160', '1503763482159_0.png');
INSERT INTO `goods_classify` VALUES ('ff28c0a9692b417db85b73d5b231c1f1', '办公', '1', '1', null, '办公', '1503763459188', '1503763459152_0.png');


INSERT INTO `goods_info` VALUES ('809042ccd1574530a6ecdb02b7fe33ec', '大众商品1', 'goodsImg_1503764010892_0.png|goodsImg_1503764010923_0.png|goodsImg_1503764010940_0.png|goodsImg_1503764011009_0.png|', '1', '1', '50.00', '0', 'goodsDetails_1503764011084_0.png|goodsDetails_1503764011277_0.png|', '商品编号:3513828|商品毛重:15.84kg|商品产地:德国/中国|材质:其它|件数:六件套及以上', '8.00', '100', '0', '0', '0', '0', '06f86bf4d7134b2eaa2ca5e4ba3db728', '厨具', '1503764010785');
INSERT INTO `goods_info` VALUES ('a09042ccd1574530a6ecdb02b7fe33ec', '大众商品a', 'goodsImg_1503764010892_0.png|goodsImg_1503764010923_0.png|goodsImg_1503764010940_0.png|goodsImg_1503764011009_0.png|', '1', '1', '50.00', '0', 'goodsDetails_1503764011084_0.png|goodsDetails_1503764011277_0.png|', '商品编号:3513828|商品毛重:15.84kg|商品产地:德国/中国|材质:其它|件数:六件套及以上', '8.00', '100', '0', '0', '0', '0', '06f86bf4d7134b2eaa2ca5e4ba3db728', '厨具', '1503764010785');
INSERT INTO `goods_info` VALUES ('a9c4f46d785246d7a251991950ba48e9', '宏包商品a', 'goodsImg_1503764150660_0.png|goodsImg_1503764150833_0.png|goodsImg_1503764150865_0.png|goodsImg_1503764150891_0.png|', '1', '2', '60.00', '5', 'goodsDetails_1503764150955_0.png|goodsDetails_1503764151013_0.png|', '鲜花朵数:其它|适用对象:爱人|鲜花主花材:其它|适合节日:七夕', '15.00', '50', '0', '0', '0', '0', '124e517e266a4b48a0e8476658cabd39', '男鞋', '1503764150472');
INSERT INTO `goods_info` VALUES ('b09042ccd1574530a6ecdb02b7fe33ec', '大众商品b', 'goodsImg_1503764010892_0.png|goodsImg_1503764010923_0.png|goodsImg_1503764010940_0.png|goodsImg_1503764011009_0.png|', '1', '1', '50.00', '0', 'goodsDetails_1503764011084_0.png|goodsDetails_1503764011277_0.png|', '商品编号:3513828|商品毛重:15.84kg|商品产地:德国/中国|材质:其它|件数:六件套及以上', '8.00', '100', '0', '0', '0', '0', '06f86bf4d7134b2eaa2ca5e4ba3db728', '厨具', '1503764010785');
INSERT INTO `goods_info` VALUES ('b9c4f46d785246d7a251991950ba48e9', '宏包商品1', 'goodsImg_1503764150660_0.png|goodsImg_1503764150833_0.png|goodsImg_1503764150865_0.png|goodsImg_1503764150891_0.png|', '1', '2', '60.00', '5', 'goodsDetails_1503764150955_0.png|goodsDetails_1503764151013_0.png|', '鲜花朵数:其它|适用对象:爱人|鲜花主花材:其它|适合节日:七夕', '15.00', '50', '0', '0', '2', '0', '124e517e266a4b48a0e8476658cabd39', '男鞋', '1503764150472');
INSERT INTO `goods_info` VALUES ('c09042ccd1574530a6ecdb02b7fe33ec', '大众商品c', 'goodsImg_1503764010892_0.png|goodsImg_1503764010923_0.png|goodsImg_1503764010940_0.png|goodsImg_1503764011009_0.png|', '1', '1', '50.00', '0', 'goodsDetails_1503764011084_0.png|goodsDetails_1503764011277_0.png|', '商品编号:3513828|商品毛重:15.84kg|商品产地:德国/中国|材质:其它|件数:六件套及以上', '8.00', '100', '0', '0', '0', '0', '06f86bf4d7134b2eaa2ca5e4ba3db728', '厨具', '1503764010785');
INSERT INTO `goods_info` VALUES ('c9c4f46d785246d7a251991950ba48e9', '宏包商品c', 'goodsImg_1503764150660_0.png|goodsImg_1503764150833_0.png|goodsImg_1503764150865_0.png|goodsImg_1503764150891_0.png|', '1', '2', '60.00', '5', 'goodsDetails_1503764150955_0.png|goodsDetails_1503764151013_0.png|', '鲜花朵数:其它|适用对象:爱人|鲜花主花材:其它|适合节日:七夕', '15.00', '50', '0', '0', '0', '0', '124e517e266a4b48a0e8476658cabd39', '男鞋', '1503764150472');
INSERT INTO `goods_info` VALUES ('d09042ccd1574530a6ecdb02b7fe33ec', '大众商品d', 'goodsImg_1503764010892_0.png|goodsImg_1503764010923_0.png|goodsImg_1503764010940_0.png|goodsImg_1503764011009_0.png|', '1', '1', '50.00', '0', 'goodsDetails_1503764011084_0.png|goodsDetails_1503764011277_0.png|', '商品编号:3513828|商品毛重:15.84kg|商品产地:德国/中国|材质:其它|件数:六件套及以上', '8.00', '100', '0', '0', '0', '0', '06f86bf4d7134b2eaa2ca5e4ba3db728', '厨具', '1503764010785');
INSERT INTO `goods_info` VALUES ('d9c4f46d785246d7a251991950ba48e9', '宏包商品d', 'goodsImg_1503764150660_0.png|goodsImg_1503764150833_0.png|goodsImg_1503764150865_0.png|goodsImg_1503764150891_0.png|', '1', '2', '60.00', '5', 'goodsDetails_1503764150955_0.png|goodsDetails_1503764151013_0.png|', '鲜花朵数:其它|适用对象:爱人|鲜花主花材:其它|适合节日:七夕', '15.00', '50', '0', '0', '0', '0', '124e517e266a4b48a0e8476658cabd39', '男鞋', '1503764150472');
INSERT INTO `goods_info` VALUES ('e09042ccd1574530a6ecdb02b7fe33ec', '大众商品e', 'goodsImg_1503764010892_0.png|goodsImg_1503764010923_0.png|goodsImg_1503764010940_0.png|goodsImg_1503764011009_0.png|', '1', '1', '50.00', '0', 'goodsDetails_1503764011084_0.png|goodsDetails_1503764011277_0.png|', '商品编号:3513828|商品毛重:15.84kg|商品产地:德国/中国|材质:其它|件数:六件套及以上', '8.00', '100', '0', '0', '0', '0', '06f86bf4d7134b2eaa2ca5e4ba3db728', '厨具', '1503764010785');
INSERT INTO `goods_info` VALUES ('e9c4f46d785246d7a251991950ba48e9', '宏包商品e', 'goodsImg_1503764150660_0.png|goodsImg_1503764150833_0.png|goodsImg_1503764150865_0.png|goodsImg_1503764150891_0.png|', '1', '2', '60.00', '5', 'goodsDetails_1503764150955_0.png|goodsDetails_1503764151013_0.png|', '鲜花朵数:其它|适用对象:爱人|鲜花主花材:其它|适合节日:七夕', '15.00', '50', '0', '0', '0', '0', '124e517e266a4b48a0e8476658cabd39', '男鞋', '1503764150472');
INSERT INTO `goods_info` VALUES ('f09042ccd1574530a6ecdb02b7fe33ec', '大众商品f', 'goodsImg_1503764010892_0.png|goodsImg_1503764010923_0.png|goodsImg_1503764010940_0.png|goodsImg_1503764011009_0.png|', '1', '1', '50.00', '0', 'goodsDetails_1503764011084_0.png|goodsDetails_1503764011277_0.png|', '商品编号:3513828|商品毛重:15.84kg|商品产地:德国/中国|材质:其它|件数:六件套及以上', '8.00', '100', '0', '0', '0', '0', '06f86bf4d7134b2eaa2ca5e4ba3db728', '厨具', '1503764010785');
INSERT INTO `goods_info` VALUES ('f9c4f46d785246d7a251991950ba48e9', '宏包商品f', 'goodsImg_1503764150660_0.png|goodsImg_1503764150833_0.png|goodsImg_1503764150865_0.png|goodsImg_1503764150891_0.png|', '1', '2', '60.00', '5', 'goodsDetails_1503764150955_0.png|goodsDetails_1503764151013_0.png|', '鲜花朵数:其它|适用对象:爱人|鲜花主花材:其它|适合节日:七夕', '15.00', '50', '0', '0', '0', '0', '124e517e266a4b48a0e8476658cabd39', '男鞋', '1503764150472');
INSERT INTO `goods_info` VALUES ('g09042ccd1574530a6ecdb02b7fe33ec', '大众商品g', 'goodsImg_1503764010892_0.png|goodsImg_1503764010923_0.png|goodsImg_1503764010940_0.png|goodsImg_1503764011009_0.png|', '1', '1', '50.00', '0', 'goodsDetails_1503764011084_0.png|goodsDetails_1503764011277_0.png|', '商品编号:3513828|商品毛重:15.84kg|商品产地:德国/中国|材质:其它|件数:六件套及以上', '8.00', '100', '0', '0', '0', '0', '06f86bf4d7134b2eaa2ca5e4ba3db728', '厨具', '1503764010785');
INSERT INTO `goods_info` VALUES ('g9c4f46d785246d7a251991950ba48e9', '宏包商品g', 'goodsImg_1503764150660_0.png|goodsImg_1503764150833_0.png|goodsImg_1503764150865_0.png|goodsImg_1503764150891_0.png|', '1', '2', '60.00', '5', 'goodsDetails_1503764150955_0.png|goodsDetails_1503764151013_0.png|', '鲜花朵数:其它|适用对象:爱人|鲜花主花材:其它|适合节日:七夕', '15.00', '50', '0', '0', '0', '0', '124e517e266a4b48a0e8476658cabd39', '男鞋', '1503764150472');
INSERT INTO `goods_info` VALUES ('h09042ccd1574530a6ecdb02b7fe33ec', '大众商品h', 'goodsImg_1503764010892_0.png|goodsImg_1503764010923_0.png|goodsImg_1503764010940_0.png|goodsImg_1503764011009_0.png|', '1', '1', '50.00', '0', 'goodsDetails_1503764011084_0.png|goodsDetails_1503764011277_0.png|', '商品编号:3513828|商品毛重:15.84kg|商品产地:德国/中国|材质:其它|件数:六件套及以上', '8.00', '100', '0', '0', '0', '0', '06f86bf4d7134b2eaa2ca5e4ba3db728', '厨具', '1503764010785');
INSERT INTO `goods_info` VALUES ('h9c4f46d785246d7a251991950ba48e9', '宏包商品h', 'goodsImg_1503764150660_0.png|goodsImg_1503764150833_0.png|goodsImg_1503764150865_0.png|goodsImg_1503764150891_0.png|', '1', '2', '60.00', '5', 'goodsDetails_1503764150955_0.png|goodsDetails_1503764151013_0.png|', '鲜花朵数:其它|适用对象:爱人|鲜花主花材:其它|适合节日:七夕', '15.00', '50', '0', '0', '0', '0', '124e517e266a4b48a0e8476658cabd39', '男鞋', '1503764150472');
INSERT INTO `goods_info` VALUES ('i09042ccd1574530a6ecdb02b7fe33ec', '大众商品i', 'goodsImg_1503764010892_0.png|goodsImg_1503764010923_0.png|goodsImg_1503764010940_0.png|goodsImg_1503764011009_0.png|', '1', '1', '50.00', '0', 'goodsDetails_1503764011084_0.png|goodsDetails_1503764011277_0.png|', '商品编号:3513828|商品毛重:15.84kg|商品产地:德国/中国|材质:其它|件数:六件套及以上', '8.00', '100', '0', '0', '2', '0', '06f86bf4d7134b2eaa2ca5e4ba3db728', '厨具', '1503764010785');
INSERT INTO `goods_info` VALUES ('i9c4f46d785246d7a251991950ba48e9', '宏包商品i', 'goodsImg_1503764150660_0.png|goodsImg_1503764150833_0.png|goodsImg_1503764150865_0.png|goodsImg_1503764150891_0.png|', '1', '2', '60.00', '5', 'goodsDetails_1503764150955_0.png|goodsDetails_1503764151013_0.png|', '鲜花朵数:其它|适用对象:爱人|鲜花主花材:其它|适合节日:七夕', '15.00', '50', '0', '0', '0', '0', '124e517e266a4b48a0e8476658cabd39', '男鞋', '1503764150472');
INSERT INTO `goods_info` VALUES ('j09042ccd1574530a6ecdb02b7fe33ec', '大众商品j', 'goodsImg_1503764010892_0.png|goodsImg_1503764010923_0.png|goodsImg_1503764010940_0.png|goodsImg_1503764011009_0.png|', '1', '1', '50.00', '0', 'goodsDetails_1503764011084_0.png|goodsDetails_1503764011277_0.png|', '商品编号:3513828|商品毛重:15.84kg|商品产地:德国/中国|材质:其它|件数:六件套及以上', '8.00', '100', '0', '0', '0', '0', '06f86bf4d7134b2eaa2ca5e4ba3db728', '厨具', '1503764010785');
INSERT INTO `goods_info` VALUES ('j9c4f46d785246d7a251991950ba48e9', '宏包商品j', 'goodsImg_1503764150660_0.png|goodsImg_1503764150833_0.png|goodsImg_1503764150865_0.png|goodsImg_1503764150891_0.png|', '1', '2', '60.00', '5', 'goodsDetails_1503764150955_0.png|goodsDetails_1503764151013_0.png|', '鲜花朵数:其它|适用对象:爱人|鲜花主花材:其它|适合节日:七夕', '15.00', '50', '0', '0', '0', '0', '124e517e266a4b48a0e8476658cabd39', '男鞋', '1503764150472');
INSERT INTO `goods_info` VALUES ('k09042ccd1574530a6ecdb02b7fe33ec', '大众商品k', 'goodsImg_1503764010892_0.png|goodsImg_1503764010923_0.png|goodsImg_1503764010940_0.png|goodsImg_1503764011009_0.png|', '1', '1', '50.00', '0', 'goodsDetails_1503764011084_0.png|goodsDetails_1503764011277_0.png|', '商品编号:3513828|商品毛重:15.84kg|商品产地:德国/中国|材质:其它|件数:六件套及以上', '8.00', '100', '0', '0', '0', '0', '06f86bf4d7134b2eaa2ca5e4ba3db728', '厨具', '1503764010785');
INSERT INTO `goods_info` VALUES ('k9c4f46d785246d7a251991950ba48e9', '宏包商品k', 'goodsImg_1503764150660_0.png|goodsImg_1503764150833_0.png|goodsImg_1503764150865_0.png|goodsImg_1503764150891_0.png|', '1', '2', '60.00', '5', 'goodsDetails_1503764150955_0.png|goodsDetails_1503764151013_0.png|', '鲜花朵数:其它|适用对象:爱人|鲜花主花材:其它|适合节日:七夕', '15.00', '50', '0', '0', '0', '0', '124e517e266a4b48a0e8476658cabd39', '男鞋', '1503764150472');
INSERT INTO `goods_info` VALUES ('l09042ccd1574530a6ecdb02b7fe33ec', '大众商品l', 'goodsImg_1503764010892_0.png|goodsImg_1503764010923_0.png|goodsImg_1503764010940_0.png|goodsImg_1503764011009_0.png|', '1', '1', '50.00', '0', 'goodsDetails_1503764011084_0.png|goodsDetails_1503764011277_0.png|', '商品编号:3513828|商品毛重:15.84kg|商品产地:德国/中国|材质:其它|件数:六件套及以上', '8.00', '100', '0', '0', '0', '0', '06f86bf4d7134b2eaa2ca5e4ba3db728', '厨具', '1503764010785');
INSERT INTO `goods_info` VALUES ('l9c4f46d785246d7a251991950ba48e9', '宏包商品l', 'goodsImg_1503764150660_0.png|goodsImg_1503764150833_0.png|goodsImg_1503764150865_0.png|goodsImg_1503764150891_0.png|', '1', '2', '60.00', '5', 'goodsDetails_1503764150955_0.png|goodsDetails_1503764151013_0.png|', '鲜花朵数:其它|适用对象:爱人|鲜花主花材:其它|适合节日:七夕', '15.00', '50', '0', '0', '0', '0', '124e517e266a4b48a0e8476658cabd39', '男鞋', '1503764150472');
INSERT INTO `goods_info` VALUES ('m09042ccd1574530a6ecdb02b7fe33ec', '大众商品m', 'goodsImg_1503764010892_0.png|goodsImg_1503764010923_0.png|goodsImg_1503764010940_0.png|goodsImg_1503764011009_0.png|', '1', '1', '50.00', '0', 'goodsDetails_1503764011084_0.png|goodsDetails_1503764011277_0.png|', '商品编号:3513828|商品毛重:15.84kg|商品产地:德国/中国|材质:其它|件数:六件套及以上', '8.00', '100', '0', '0', '0', '0', '06f86bf4d7134b2eaa2ca5e4ba3db728', '厨具', '1503764010785');
INSERT INTO `goods_info` VALUES ('m9c4f46d785246d7a251991950ba48e9', '宏包商品m', 'goodsImg_1503764150660_0.png|goodsImg_1503764150833_0.png|goodsImg_1503764150865_0.png|goodsImg_1503764150891_0.png|', '1', '2', '60.00', '5', 'goodsDetails_1503764150955_0.png|goodsDetails_1503764151013_0.png|', '鲜花朵数:其它|适用对象:爱人|鲜花主花材:其它|适合节日:七夕', '15.00', '50', '0', '0', '0', '0', '124e517e266a4b48a0e8476658cabd39', '男鞋', '1503764150472');
INSERT INTO `goods_info` VALUES ('n09042ccd1574530a6ecdb02b7fe33ec', '大众商品n', 'goodsImg_1503764010892_0.png|goodsImg_1503764010923_0.png|goodsImg_1503764010940_0.png|goodsImg_1503764011009_0.png|', '1', '1', '50.00', '0', 'goodsDetails_1503764011084_0.png|goodsDetails_1503764011277_0.png|', '商品编号:3513828|商品毛重:15.84kg|商品产地:德国/中国|材质:其它|件数:六件套及以上', '8.00', '100', '0', '0', '0', '0', '06f86bf4d7134b2eaa2ca5e4ba3db728', '厨具', '1503764010785');
INSERT INTO `goods_info` VALUES ('n9c4f46d785246d7a251991950ba48e9', '宏包商品n', 'goodsImg_1503764150660_0.png|goodsImg_1503764150833_0.png|goodsImg_1503764150865_0.png|goodsImg_1503764150891_0.png|', '1', '2', '60.00', '5', 'goodsDetails_1503764150955_0.png|goodsDetails_1503764151013_0.png|', '鲜花朵数:其它|适用对象:爱人|鲜花主花材:其它|适合节日:七夕', '15.00', '50', '0', '0', '0', '0', '124e517e266a4b48a0e8476658cabd39', '男鞋', '1503764150472');
INSERT INTO `goods_info` VALUES ('o09042ccd1574530a6ecdb02b7fe33ec', '大众商品o', 'goodsImg_1503764010892_0.png|goodsImg_1503764010923_0.png|goodsImg_1503764010940_0.png|goodsImg_1503764011009_0.png|', '1', '1', '50.00', '0', 'goodsDetails_1503764011084_0.png|goodsDetails_1503764011277_0.png|', '商品编号:3513828|商品毛重:15.84kg|商品产地:德国/中国|材质:其它|件数:六件套及以上', '8.00', '100', '0', '0', '0', '0', '06f86bf4d7134b2eaa2ca5e4ba3db728', '厨具', '1503764010785');
INSERT INTO `goods_info` VALUES ('o9c4f46d785246d7a251991950ba48e9', '宏包商品o', 'goodsImg_1503764150660_0.png|goodsImg_1503764150833_0.png|goodsImg_1503764150865_0.png|goodsImg_1503764150891_0.png|', '1', '2', '60.00', '5', 'goodsDetails_1503764150955_0.png|goodsDetails_1503764151013_0.png|', '鲜花朵数:其它|适用对象:爱人|鲜花主花材:其它|适合节日:七夕', '15.00', '50', '0', '0', '0', '0', '124e517e266a4b48a0e8476658cabd39', '男鞋', '1503764150472');
INSERT INTO `goods_info` VALUES ('p09042ccd1574530a6ecdb02b7fe33ec', '大众商品p', 'goodsImg_1503764010892_0.png|goodsImg_1503764010923_0.png|goodsImg_1503764010940_0.png|goodsImg_1503764011009_0.png|', '1', '1', '50.00', '0', 'goodsDetails_1503764011084_0.png|goodsDetails_1503764011277_0.png|', '商品编号:3513828|商品毛重:15.84kg|商品产地:德国/中国|材质:其它|件数:六件套及以上', '8.00', '100', '0', '0', '0', '0', '06f86bf4d7134b2eaa2ca5e4ba3db728', '厨具', '1503764010785');
INSERT INTO `goods_info` VALUES ('p9c4f46d785246d7a251991950ba48e9', '宏包商品p', 'goodsImg_1503764150660_0.png|goodsImg_1503764150833_0.png|goodsImg_1503764150865_0.png|goodsImg_1503764150891_0.png|', '1', '2', '60.00', '5', 'goodsDetails_1503764150955_0.png|goodsDetails_1503764151013_0.png|', '鲜花朵数:其它|适用对象:爱人|鲜花主花材:其它|适合节日:七夕', '15.00', '50', '0', '0', '0', '0', '124e517e266a4b48a0e8476658cabd39', '男鞋', '1503764150472');
INSERT INTO `goods_info` VALUES ('q09042ccd1574530a6ecdb02b7fe33ec', '大众商品q', 'goodsImg_1503764010892_0.png|goodsImg_1503764010923_0.png|goodsImg_1503764010940_0.png|goodsImg_1503764011009_0.png|', '1', '1', '50.00', '0', 'goodsDetails_1503764011084_0.png|goodsDetails_1503764011277_0.png|', '商品编号:3513828|商品毛重:15.84kg|商品产地:德国/中国|材质:其它|件数:六件套及以上', '8.00', '100', '0', '0', '0', '0', '06f86bf4d7134b2eaa2ca5e4ba3db728', '厨具', '1503764010785');
INSERT INTO `goods_info` VALUES ('q9c4f46d785246d7a251991950ba48e9', '宏包商品q', 'goodsImg_1503764150660_0.png|goodsImg_1503764150833_0.png|goodsImg_1503764150865_0.png|goodsImg_1503764150891_0.png|', '1', '2', '60.00', '5', 'goodsDetails_1503764150955_0.png|goodsDetails_1503764151013_0.png|', '鲜花朵数:其它|适用对象:爱人|鲜花主花材:其它|适合节日:七夕', '15.00', '50', '0', '0', '0', '0', '124e517e266a4b48a0e8476658cabd39', '男鞋', '1503764150472');
INSERT INTO `goods_info` VALUES ('r09042ccd1574530a6ecdb02b7fe33ec', '大众商品r', 'goodsImg_1503764010892_0.png|goodsImg_1503764010923_0.png|goodsImg_1503764010940_0.png|goodsImg_1503764011009_0.png|', '1', '1', '50.00', '0', 'goodsDetails_1503764011084_0.png|goodsDetails_1503764011277_0.png|', '商品编号:3513828|商品毛重:15.84kg|商品产地:德国/中国|材质:其它|件数:六件套及以上', '8.00', '100', '0', '0', '0', '0', '06f86bf4d7134b2eaa2ca5e4ba3db728', '厨具', '1503764010785');
INSERT INTO `goods_info` VALUES ('r9c4f46d785246d7a251991950ba48e9', '宏包商品r', 'goodsImg_1503764150660_0.png|goodsImg_1503764150833_0.png|goodsImg_1503764150865_0.png|goodsImg_1503764150891_0.png|', '1', '2', '60.00', '5', 'goodsDetails_1503764150955_0.png|goodsDetails_1503764151013_0.png|', '鲜花朵数:其它|适用对象:爱人|鲜花主花材:其它|适合节日:七夕', '15.00', '50', '0', '0', '0', '0', '124e517e266a4b48a0e8476658cabd39', '男鞋', '1503764150472');
INSERT INTO `goods_info` VALUES ('s09042ccd1574530a6ecdb02b7fe33ec', '大众商品s', 'goodsImg_1503764010892_0.png|goodsImg_1503764010923_0.png|goodsImg_1503764010940_0.png|goodsImg_1503764011009_0.png|', '1', '1', '50.00', '0', 'goodsDetails_1503764011084_0.png|goodsDetails_1503764011277_0.png|', '商品编号:3513828|商品毛重:15.84kg|商品产地:德国/中国|材质:其它|件数:六件套及以上', '8.00', '100', '0', '0', '0', '0', '06f86bf4d7134b2eaa2ca5e4ba3db728', '厨具', '1503764010785');
INSERT INTO `goods_info` VALUES ('s9c4f46d785246d7a251991950ba48e9', '宏包商品s', 'goodsImg_1503764150660_0.png|goodsImg_1503764150833_0.png|goodsImg_1503764150865_0.png|goodsImg_1503764150891_0.png|', '1', '2', '60.00', '5', 'goodsDetails_1503764150955_0.png|goodsDetails_1503764151013_0.png|', '鲜花朵数:其它|适用对象:爱人|鲜花主花材:其它|适合节日:七夕', '15.00', '50', '0', '0', '0', '0', '124e517e266a4b48a0e8476658cabd39', '男鞋', '1503764150472');
INSERT INTO `goods_info` VALUES ('t9c4f46d785246d7a251991950ba48e9', '宏包商品b', 'goodsImg_1503764150660_0.png|goodsImg_1503764150833_0.png|goodsImg_1503764150865_0.png|goodsImg_1503764150891_0.png|', '1', '2', '60.00', '5', 'goodsDetails_1503764150955_0.png|goodsDetails_1503764151013_0.png|', '鲜花朵数:其它|适用对象:爱人|鲜花主花材:其它|适合节日:七夕', '15.00', '50', '0', '0', '0', '0', '124e517e266a4b48a0e8476658cabd39', '男鞋', '1503764150472');


INSERT INTO `ad_info` VALUES ('1', '1503765470103_0.png', '/wechat/shop/goods/goodsdetails?goodsId=809042ccd1574530a6ecdb02b7fe33ec', '大众商品1', '1', '1', '1503765470105');
INSERT INTO `ad_info` VALUES ('2', '1503765474757_0.png', '/wechat/shop/goods/goodsdetails?goodsId=a09042ccd1574530a6ecdb02b7fe33ec', '大众商品2', '1', '1', '1503765474810');
INSERT INTO `ad_info` VALUES ('3', '1503765480047_0.png', '/wechat/shop/goods/goodsdetails?goodsId=b09042ccd1574530a6ecdb02b7fe33ec', '大众商品3', '1', '1', '1503765480049');
INSERT INTO `ad_info` VALUES ('4', '1503765484556_0.png', '/wechat/shop/goods/goodsdetails?goodsId=c09042ccd1574530a6ecdb02b7fe33ec', '大众商品4', '1', '1', '1503765484558');
INSERT INTO `ad_info` VALUES ('5', '1503765500826_0.png', '/wechat/shop/goods/goodsdetails?goodsId=b9c4f46d785246d7a251991950ba48e9', '宏包商品1', '1', '2', '1503765500828');
INSERT INTO `ad_info` VALUES ('6', '1503765506628_0.png', '/wechat/shop/goods/goodsdetails?goodsId=a9c4f46d785246d7a251991950ba48e9', '宏包商品2', '1', '2', '1503765506644');
INSERT INTO `ad_info` VALUES ('7', '1503765512337_0.png', '/wechat/shop/goods/goodsdetails?goodsId=c9c4f46d785246d7a251991950ba48e9', '宏包商品3', '1', '2', '1503765512339');
INSERT INTO `ad_info` VALUES ('8', '1503765516853_0.png', '/wechat/shop/goods/goodsdetails?goodsId=d9c4f46d785246d7a251991950ba48e9', '宏包商品4', '1', '2', '1503765516855');


INSERT INTO `member_info` VALUES ('123456789', '测试客户', 'test2017', 'abcdefg', '测试微信名称', '10000.00', '1000.00', '18866669999', '2017-08-27', '郑州', '0.90', '0', '100000', '1503764010940');


INSERT INTO `member_address` VALUES ('abcdefg', '123456789', '张三', '15588889991', '郑州', '某省某市某县某乡某街道某号院某号楼某层某号11111', '400000', '', '0');
INSERT INTO `member_address` VALUES ('hijklmn', '123456789', '李四', '15588889992', '开封', '某省某市某县某乡某街道某号院某号楼某层某号22222', '400001', '', '0');
INSERT INTO `member_address` VALUES ('opqrst', '123456789', '王五', '15588889993', '洛阳', '某省某市某县某乡某街道某号院某号楼某层某号33333', '400002', '', '0');
INSERT INTO `member_address` VALUES ('uvwxyz', '123456789', '赵六', '15588889994', '平顶山', '某省某市某县某乡某街道某号院某号楼某层某号44444', '400003', '', '0');
INSERT INTO `member_address` VALUES ('zxcvbnm', '123456789', '冯七', '15588889995', '安阳', '某省某市某县某乡某街道某号院某号楼某层某号55555', '400004', '', '0');


INSERT INTO `member_follow_footprint` VALUES ('0643b718f9c24966956c16b8a2d829ac', '123456789', 'i09042ccd1574530a6ecdb02b7fe33ec', '2', '1503767171703', '大众商品i', '/resources/file/goodsInfo/i09042ccd1574530a6ecdb02b7fe33ec/goodsImg_1503764010892_0.png', '50.00', '1503767171776');
INSERT INTO `member_follow_footprint` VALUES ('948fc325dc0b41b9bbf5d33e452186da', '123456789', 'b9c4f46d785246d7a251991950ba48e9', '2', '1503770472329', '宏包商品1', '/resources/file/goodsInfo/b9c4f46d785246d7a251991950ba48e9/goodsImg_1503764150660_0.png', '60.00', '1503770472410');


INSERT INTO `shopping_cart` VALUES ('1', 'a9c4f46d785246d7a251991950ba48e9', '123456789', null, '1503767094811', '宏包商品a', 'goodsImg_1503764150660_0.png', '60.00', '5', '1', '2', '1', '15.00');
INSERT INTO `shopping_cart` VALUES ('2', 'b9c4f46d785246d7a251991950ba48e9', '123456789', null, '1503767098148', '宏包商品1', 'goodsImg_1503764150660_0.png', '60.00', '5', '1', '2', '1', '15.00');
INSERT INTO `shopping_cart` VALUES ('3', 'c9c4f46d785246d7a251991950ba48e9', '123456789', null, '1503767100819', '宏包商品c', 'goodsImg_1503764150660_0.png', '60.00', '5', '1', '2', '1', '15.00');
INSERT INTO `shopping_cart` VALUES ('4', 'd9c4f46d785246d7a251991950ba48e9', '123456789', null, '1503767103513', '宏包商品d', 'goodsImg_1503764150660_0.png', '60.00', '5', '1', '2', '1', '15.00');
INSERT INTO `shopping_cart` VALUES ('5', 'e9c4f46d785246d7a251991950ba48e9', '123456789', null, '1503767107086', '宏包商品e', 'goodsImg_1503764150660_0.png', '60.00', '5', '1', '2', '1', '15.00');
INSERT INTO `shopping_cart` VALUES ('6', 'f9c4f46d785246d7a251991950ba48e9', '123456789', null, '1503767109533', '宏包商品f', 'goodsImg_1503764150660_0.png', '60.00', '5', '1', '2', '1', '15.00');
INSERT INTO `shopping_cart` VALUES ('7', 'g9c4f46d785246d7a251991950ba48e9', '123456789', null, '1503767114175', '宏包商品g', 'goodsImg_1503764150660_0.png', '60.00', '5', '1', '2', '1', '15.00');
INSERT INTO `shopping_cart` VALUES ('8', 'h9c4f46d785246d7a251991950ba48e9', '123456789', null, '1503767116577', '宏包商品h', 'goodsImg_1503764150660_0.png', '60.00', '5', '1', '2', '1', '15.00');
INSERT INTO `shopping_cart` VALUES ('9', 'i9c4f46d785246d7a251991950ba48e9', '123456789', null, '1503767120135', '宏包商品i', 'goodsImg_1503764150660_0.png', '60.00', '5', '1', '2', '1', '15.00');
INSERT INTO `shopping_cart` VALUES ('10', 'j9c4f46d785246d7a251991950ba48e9', '123456789', null, '1503767122158', '宏包商品j', 'goodsImg_1503764150660_0.png', '60.00', '5', '1', '2', '1', '15.00');
INSERT INTO `shopping_cart` VALUES ('11', '809042ccd1574530a6ecdb02b7fe33ec', '123456789', null, '1503767151145', '大众商品1', 'goodsImg_1503764010892_0.png', '50.00', null, '1', '1', '1', '8.00');
INSERT INTO `shopping_cart` VALUES ('12', 'a09042ccd1574530a6ecdb02b7fe33ec', '123456789', null, '1503767153431', '大众商品a', 'goodsImg_1503764010892_0.png', '50.00', null, '1', '1', '1', '8.00');
INSERT INTO `shopping_cart` VALUES ('13', 'b09042ccd1574530a6ecdb02b7fe33ec', '123456789', null, '1503767154831', '大众商品b', 'goodsImg_1503764010892_0.png', '50.00', null, '1', '1', '1', '8.00');
INSERT INTO `shopping_cart` VALUES ('14', 'c09042ccd1574530a6ecdb02b7fe33ec', '123456789', null, '1503767156008', '大众商品c', 'goodsImg_1503764010892_0.png', '50.00', null, '1', '1', '1', '8.00');
INSERT INTO `shopping_cart` VALUES ('15', 'd09042ccd1574530a6ecdb02b7fe33ec', '123456789', null, '1503767158688', '大众商品d', 'goodsImg_1503764010892_0.png', '50.00', null, '1', '1', '1', '8.00');
INSERT INTO `shopping_cart` VALUES ('16', 'e09042ccd1574530a6ecdb02b7fe33ec', '123456789', null, '1503767159881', '大众商品e', 'goodsImg_1503764010892_0.png', '50.00', null, '1', '1', '1', '8.00');
INSERT INTO `shopping_cart` VALUES ('17', 'f09042ccd1574530a6ecdb02b7fe33ec', '123456789', null, '1503767161513', '大众商品f', 'goodsImg_1503764010892_0.png', '50.00', null, '1', '1', '1', '8.00');
INSERT INTO `shopping_cart` VALUES ('18', 'g09042ccd1574530a6ecdb02b7fe33ec', '123456789', null, '1503767162578', '大众商品g', 'goodsImg_1503764010892_0.png', '50.00', null, '1', '1', '1', '8.00');
INSERT INTO `shopping_cart` VALUES ('19', 'h09042ccd1574530a6ecdb02b7fe33ec', '123456789', null, '1503767164755', '大众商品h', 'goodsImg_1503764010892_0.png', '50.00', null, '1', '1', '1', '8.00');
INSERT INTO `shopping_cart` VALUES ('20', 'i09042ccd1574530a6ecdb02b7fe33ec', '123456789', null, '1503767170692', '大众商品i', 'goodsImg_1503764010892_0.png', '50.00', null, '2', '1', '1', '8.00');
